{
    "loss": 28.99425506591797,
    "accuracy": 0.4313725531101227
}