{
    "loss": 12.03785514831543,
    "accuracy": 0.5686274766921997
}