{
    "loss": 0.6095751523971558,
    "accuracy": 0.843137264251709
}