{
    "loss": 0.029024185612797737,
    "accuracy": 0.9901960492134094
}