{
    "loss": 0.7492576837539673,
    "accuracy": 0.7745097875595093
}